"Manufacturer","NHTSACampaignNumber","parkIt","parkOutSide","overTheAirUpdate","ReportReceivedDate","Component","Summary","Consequence","Remedy","Notes","ModelYear","Make","Model","NHTSAActionNumber","model_year_searched"
"Ford Motor Company","18V894000",FALSE,FALSE,FALSE,"18/12/2018","ENGINE","Ford Motor Company (Ford) is recalling certain 2015-2019 Ford F-150 and 2017-2019 Ford F-250 Super Duty, F-350 Super Duty, F-450 Super Duty, and F-550 Super Duty pick-up trucks equipped with an engine block heater.   Water and contaminants may get into the block heater cable's splice connector causing corrosion and damage.","When the heater is plugged in, prolonged corrosion could cause a resistive short, increasing the risk of overheated or melted wiring which can increase the risk of a fire.","Ford will notify owners, and dealers will disable the block heater cable, free of charge.  Once parts are available, Dealers will replace the engine block heater cable, free of charge.  The recall began June 3, 2019.  Owners may contact Ford customer service at 1-866-436-7332.  Ford's number for this recall is 18S45.","Owners may also contact the National Highway Traffic Safety Administration Vehicle Safety Hotline at 1-888-327-4236 (TTY 1-800-424-9153), or go to www.safercar.gov.","2015","FORD","F-150",NA,2015
"Ford Motor Company","19V278000",FALSE,FALSE,FALSE,"08/04/2019","ENGINE","Ford Motor Company (Ford) is recalling certain 2015-2019 Ford F-150 and 2017-2019 Ford F-250 Super Duty, F-350 Super Duty, F-450 Super Duty, and F-550 Super Duty pick-up trucks equipped with an engine block heater and previously remedied under recall 18V894.   During the previous repair, the block heater cable's splice connector may have been damaged.","A damaged cable could cause a resistive short, increasing the risk of overheated or melted wiring, increasing the risk of a fire.","Ford will notify owners, and dealers will disable the engine block heater from being used.  When replacement cables become available, a second notice will be mailed and dealers will replace the engine block heater cord, free of charge.  The recall began May 31, 2019.  Owners may contact Ford customer service at 1-866-436-7332.  Ford's number for this recall is 19S11.","Owners may also contact the National Highway Traffic Safety Administration Vehicle Safety Hotline at 1-888-327-4236 (TTY 1-800-424-9153), or go to www.safercar.gov.","2015","FORD","F-150",NA,2015
"Ford Motor Company","18V568000",FALSE,FALSE,FALSE,"31/08/2018","SEAT BELTS:PRETENSIONER","Ford Motor Company (Ford) is recalling certain 2015-2018 Ford F-150 Regular Cab and SuperCrew Cab vehicles.  If a front seat belt pretensioner deploys as the result of a crash, the sparks may ignite materials such as carpeting or insulation within the B-pillar area.","A vehicle fire could result if materials ignite inside the vehicle.","Ford will notify owners, and dealers will remove the B-pillar insulation material and wiring harness tape, and install heat resistant tape, free of charge. The recall began September 28, 2018.  Owners may contact Ford customer service at 1-866-436-7332.  Ford's number for this recall is 18S27.","Owners may also contact the National Highway Traffic Safety Administration Vehicle Safety Hotline at 1-888-327-4236 (TTY 1-800-424-9153), or go to www.safercar.gov.","2015","FORD","F-150","PE18008",2015
"Ford Motor Company","17V652000",FALSE,FALSE,FALSE,"16/10/2017","LATCHES/LOCKS/LINKAGES:DOORS:LATCH","Ford Motor Company (Ford) is recalling certain 2015-2017 Ford F-150, and 2017 F-250, F-350, F-450, and F-550 Super Duty trucks.  The doors on these vehicles may have a bent or kinked actuation cable or the door latches may freeze after water gets into the latch.  Either condition can result in the doors opening while driving although they appear to be closed.","A door that opens while driving can increase the risk of injury.","Ford will notify owners, and dealers will inspect the door latch actuation cables and repair if necessary, and install water shields over the door latches, free of charge.  The recall began October 12, 2018.  Owners may contact Ford customer service at 1-866-436-7332.  Ford's number for this recall is 17S33.","Owners may also contact the National Highway Traffic Safety Administration Vehicle Safety Hotline at 1-888-327-4236 (TTY 1-800-424-9153), or go to www.safercar.gov.","2015","FORD","F-150",NA,2015
"Ford Motor Company","17V526000",FALSE,FALSE,FALSE,"28/08/2017","SEAT BELTS:REAR/OTHER","Ford Motor Company (Ford) is recalling certain 2015-2017 F-150, and 2017 F-250 and F-350 trucks equipped with a crew cab.  The left rear inflatable seat belt buckle assembly may be inadequately attached to its mounting bracket.  As such, these vehicles fail to comply with the requirements of Federal Motor Vehicle Safety Standard (FMVSS) number 210, ""Seat Belt Assembly Anchorages.""","If the left rear inflatable seat belt buckle separates from it's mounting bracket, the seat occupant may not be adequately restrained, increasing their risk of injury.","Ford will notify owners, and dealers will inspect the seat belt assembly, replacing the attaching rivet as necessary, free of charge.  Interim notices informing owners of the safety risk were mailed October 18, 2017.  Owners will receive a second notice when the remedy becomes available.  Owners may contact Ford Customer Service at 1-866-436-7332.  Ford's number for this recall is 17C12.","Owners may also contact the National Highway Traffic Safety Administration Vehicle Safety Hotline at 1-888-327-4236 (TTY 1-800-424-9153), or go to www.safercar.gov.","2015","FORD","F-150",NA,2015
"Ford Motor Company","17V331000",FALSE,FALSE,FALSE,"22/05/2017","LATCHES/LOCKS/LINKAGES:DOORS:LATCH","Ford Motor Company (Ford) is recalling certain 2015-2017 F-150, and 2017 F-250, F-350, F-450, and F-550 vehicles originally produced with black or body colored exterior door handles that may have been subsequently equipped with a chrome exterior door handle cover accessory kit purchased from a Ford dealer.  These accessory door handle covers may cause the doors to unlatch in a side impact collision.  As such, these vehicles may fail to comply with the requirements of Federal Motor Vehicle Safety Standard (FMVSS) number 206, ""Door Locks and Door Retention Components.""","If the doors unlatch and open in a side impact collision, the occupants have an increased risk of injury.","Ford will notify owners, and dealers will remove the accessory covers and refund the purchase price.  The recall began July 13, 2017.  Owners may contact Ford at 1-866-436-7332.  Ford's number for the recall is 17C09.","Owners may also contact the National Highway Traffic Safety Administration Vehicle Safety Hotline at 1-888-327-4236 (TTY 1-800-424-9153), or go to www.safercar.gov.","2015","FORD","F-150",NA,2015
"Ford Motor Company","15V867000",FALSE,FALSE,FALSE,"22/12/2015","SEAT BELTS:FRONT:ANCHORAGE","Ford Motor Company (Ford) is recalling certain model year 2015 Ford F-150 SuperCrew trucks manufactured January 22, 2015, to March 17, 2015.  The affected vehicles may be equipped with driver or front passenger seat belt anchorage assemblies whose pretensioner cable was not properly crimped.  As a result, the seat belts may not properly restrain the seat occupant in the event of a crash.  As such, these vehicles fail to comply with the requirements of Federal Motor Vehicle Safety Standard (FMVSS) number 209, ""Seat Belt Assemblies"" and 210, "" Seat Belt Assembly Anchorages.""","An occupant that is not be properly restrained is at an increased risk of injury in the event of a crash.","Ford will notify owners, and dealers will replace the driver and/or front passenger side seat belt retractor(s) and pretensioner(s), free of charge.  The recall began on February 12, 2016.  Owners may contact Ford customer service at 1-866-436-7332.  Ford's number for this recall is 15C17.","Owners may also contact the National Highway Traffic Safety Administration Vehicle Safety Hotline at 1-888-327-4236 (TTY 1-800-424-9153), or go to www.safercar.gov.","2015","FORD","F-150",NA,2015
"Ford Motor Company","15V614000",FALSE,FALSE,FALSE,"30/09/2015","FORWARD COLLISION AVOIDANCE: ADAPTIVE CRUISE CONTROL","Ford Motor Company (Ford) is recalling certain model year 2015 Ford F-150 trucks manufactured March 18, 2014, to August 6, 2015 and equipped with Adaptive Cruise Control (ACC).  While using the Adaptive Cruise Control, the vehicle may falsely detect an obstacle in its path and may unexpectedly apply the brakes.","A vehicle that unexpectedly brakes increases the risk of a crash.","Ford will notify owners, and dealers will reprogram the cruise control module with updated ACC radar software, free of charge.  The recall began on October 25, 2015.  Owners may contact Ford customer service at 1-866-436-7332.  Ford's number for this recall is 15S29.","Owners may also contact the National Highway Traffic Safety Administration Vehicle Safety Hotline at 1-888-327-4236 (TTY 1-800-424-9153), or go to www.safercar.gov.","2015","FORD","F-150",NA,2015
"Ford Motor Company","15V251000",FALSE,FALSE,FALSE,"28/04/2015","STRUCTURE:FRAME AND MEMBERS:UNDERBODY SHIELDS","Ford Motor Company (Ford) is recalling certain model year 2015 Ford F-150 vehicles manufactured January 30, 2015, to January 31, 2015.  The affected vehicles may have loose or missing underbody heat shields.","A missing underbody heat shield can lead to degradation or melting of the fuel or vapor lines, increasing the risk of a fire.","Ford will notify owners, and dealers will inspect the vehicle for missing underbody heat shields and fasteners, and will install the missing components as required, free of charge.  The recall began on May 13, 2015.  Owners may contact Ford customer service at 1-866-436-7332.  Ford's number for this recall is 15S12.","Owners may also contact the National Highway Traffic Safety Administration Vehicle Safety Hotline at 1-888-327-4236 (TTY 1-800-424-9153), or go to www.safercar.gov.","2015","FORD","F-150",NA,2015
"Ford Motor Company","15V279000",FALSE,FALSE,FALSE,"12/05/2015","STEERING","Ford Motor Company (Ford) is recalling certain model year 2015 Ford F-150 trucks manufactured March 19, 2015, to March 30, 2015.  The affected vehicles may have been built with a steering upper intermediate shaft that was improperly riveted.","If the intermediate shaft was improperly riveted, it could separate from the intermediate shaft flex coupling, resulting in a loss of steering control and increasing the risk of a vehicle crash.","Ford will notify owners, and dealers will inspect the intermediate shaft and replace it, as necessary, free of charge. The recall began on May 22, 2015.  Owners may contact Ford customer service at 1-866-436-7332.  Ford's number for this recall is 15S17.","Owners may also contact the National Highway Traffic Safety Administration Vehicle Safety Hotline at 1-888-327-4236 (TTY 1-800-424-9153), or go to www.safercar.gov.","2015","FORD","F-150",NA,2015
"Ford Motor Company","20V098000",FALSE,FALSE,FALSE,"21/02/2020","ENGINE","Ford Motor Company (Ford) is recalling certain 2015-2016 F-150 pick-up trucks equipped with 3.5L GTDI engines and block immersion heaters that were potentially relocated from their originally installed location.  The incorrect location could put the heater too close to hot engine components, possibly resulting in a damaged cable.","A damaged cable could cause a resistive short, increasing the risk of overheated or melted wiring, increasing the risk of a fire.","Ford will notify owners, and dealers will inspect the block heater's location and its cable, replacing components as necessary, free of charge.  If the replacement parts are not available, dealers will disable the existing block heater cable from being used until parts become available.  The recall began April 9, 2020.  Owners may contact Ford customer service at 1-866-436-7332.  Ford's number for this recall is 20S08.","Owners may also contact the National Highway Traffic Safety Administration Vehicle Safety Hotline at 1-888-327-4236 (TTY 1-800-424-9153), or go to www.safercar.gov.","2015","FORD","F-150",NA,2015
"Ford Motor Company","20V332000",FALSE,FALSE,FALSE,"08/06/2020","SERVICE BRAKES, HYDRAULIC:FOUNDATION COMPONENTS:MASTER CYLINDER","Ford Motor Company (Ford) is recalling certain 2014-2017 F-150 pickup trucks equipped with 3.5L Ecoboost engines.  The brake master cylinder may leak brake fluid into the brake booster.","A loss of brake fluid may result in a change in brake pedal travel and feel, increased pedal effort and reduced front brake function, possibly requiring greater effort and distance to stop the vehicle.  These conditions can increase the risk of a crash.","Ford will notify owners, and dealers will replace the brake master cylinder and inspect the brake booster, replacing it as necessary, free of charge.  Ford issued owners an interim notification on June 30, 2020.  The recall began on October 28, 2020.  Owners may contact Ford customer service at 1-866-436-7332.  Ford's number for this recall is 20S31.","Owners may also contact the National Highway Traffic Safety Administration Vehicle Safety Hotline at 1-888-327-4236 (TTY 1-800-424-9153), or go to www.safercar.gov.","2015","FORD","F-150","RQ16001",2015
"Tenneco Automotive","21E027000",NA,NA,NA,"12/04/2021","SUSPENSION:FRONT:CONTROL ARM:UPPER BALL JOINT","Tenneco Automotive (DRiV) is recalling certain MOOG K500359 ball joints, for aftermarket installation on 2015-2018 Ford F-150 trucks.  The ball joint may have a misaligned dust boot and may be missing alignment hole and installation warning tag, which may lead to improper alignment of the ball joint.","An incorrectly installed ball joint may cause the ball joint stud to break, which can compromise front wheel control, increasing the risk of a crash.","DRiV will notify owners, and dealers will inspect, and if necessary replace the ball joint, free of charge.  Owner letters were mailed May 5, 2021.  Owners may contact Tenneco Automotive customer service at 1-877-489-6659.","Owners may also contact the National Highway Traffic Safety Administration Vehicle Safety Hotline at 1-888-327-4236 (TTY 1-800-424-9153), or go to www.safercar.gov.","2015","FORD","F-150",NA,2015
"Ford Motor Company","26V237000",FALSE,FALSE,FALSE,"14/04/2026","POWER TRAIN:AUTOMATIC TRANSMISSION","Ford Motor Company (Ford) is recalling certain 2015-2017 F-150 vehicles. A loss of signal between the transmission range sensor and the powertrain control module can cause the transmission to unexpectedly downshift into second gear.","Unexpectedly downshifting into second gear may result in a loss of vehicle control, increasing the risk of a crash.","Dealers will update the powertrain control module software, free of charge. Interim letters, notifying owners of the safety risk, were mailed May 1, 2026. Additional letters will be sent once the final remedy is available, anticipated in July 2026. Owners may contact Ford customer service at 1-866-436-7332. Ford's number for this recall is 26S28. Vehicle Identification Numbers (VINs) involved in this recall became searchable on NHTSA.gov on April 15, 2026.",NA,"2015","FORD","F-150",NA,2015
"Ford Motor Company","16V475000",FALSE,FALSE,FALSE,"28/06/2016","SEATS:FRONT ASSEMBLY:RECLINER","Ford Motor Company (Ford) is recalling certain model year 2016 Ford Explorer and F-150 vehicles equipped with a manual recline driver's seat.  The seat back frame may have insufficient welds which may not meet the requirements of Federal Motor Vehicle Safety Standard (FMVSS) numbers 202, ""Head Restraints"" and 207, ""Seating Systems.""","The seat back may not adequately restrain the occupant during a crash, increasing the risk of injury.","Ford will notify owners, and dealers will inspect and, if necessary, replace the seat back frame, free of charge.  The recall begin on August 18, 2016.  Owners may contact Ford at 1-800-392-3673.  Ford's number for this recall is 16C11.","Owners may also contact the National Highway Traffic Safety Administration Vehicle Safety Hotline at 1-888-327-4236 (TTY 1-800-424-9153), or go to www.safercar.gov.","2016","FORD","F-150",NA,2016
"Ford Motor Company","17V767000",FALSE,FALSE,FALSE,"29/11/2017","SEATS","Ford Motor Company (Ford) is recalling certain 2016 F-150 and Explorer vehicles.  Loose power seat adjuster pivot bolts may cause the front seat cushions to detach and not properly restrain the seat occupant in the event of a crash.","In the event of a crash, a seat occupant that is not properly restrained has an increased risk of injury.","Ford will notify owners, and dealers will inspect the tightness of the power seat track upper pivot link bolt, either applying threadlocker or replacing the lift link and hardware, free of charge.  Interim letters are expected to go out January 15, 2018.  Owners will receive a second notice when the remedy becomes available.  Owners may contact Ford customer service at 1-866-436-7332.  Ford's number for this recall is 17S40.","Owners may also contact the National Highway Traffic Safety Administration Vehicle Safety Hotline at 1-888-327-4236 (TTY 1-800-424-9153), or go to www.safercar.gov.","2016","FORD","F-150",NA,2016
"Ford Motor Company","16V110000",FALSE,FALSE,FALSE,"25/02/2016","AIR BAGS:SENSOR:OCCUPANT CLASSIFICATION","Ford Motor Company (Ford) is recalling certain model year 2016 F-150 trucks manufactured April 27, 2015, to November 22, 2015, and equipped with Multi-Contour Seats (MCS).  The front passenger seat Occupant Classification System (OCS) that calibrates the air bag deployment level may incorrectly classify an adult as a child when the seat massage feature is activated.","If an adult is incorrectly classified as a child, the passenger frontal air bag will not deploy during a crash, increasing the risk of injury.","Ford will notify owners, and dealers will update the Occupant Classification System Module (OCSM) with new software, free of charge.  The recall began on March 11, 2016.  Owners may contact Ford customer service at 1-866-436-7332.  Ford's number for this recall is 16S05.","Owners may also contact the National Highway Traffic Safety Administration Vehicle Safety Hotline at 1-888-327-4236 (TTY 1-800-424-9153), or go to www.safercar.gov.","2016","FORD","F-150",NA,2016
"Ford Motor Company","22V150000",FALSE,FALSE,FALSE,"11/03/2022","SERVICE BRAKES, HYDRAULIC:POWER ASSIST","Ford Motor Company (Ford) is recalling certain 2016-2017 Ford Expedition, Lincoln Navigator, and 2016-2018 F-150 vehicles equipped with 3.5L Ecoboost engines.  The brake master cylinder may allow brake fluid to leak from the front wheel circuit into the brake booster.","A loss of brake fluid may result in a change in brake pedal travel, increased pedal effort and reduced front brake function, requiring greater effort and distance to stop the vehicle.  These conditions can increase the risk of a crash.","Dealers will replace the brake master cylinder.  If the master cylinder is leaking, the brake booster will also be replaced.  Repairs will be performed free of charge.  An interim owner notification letter notifying customers of the safety defect were mailed on April 29, 2022.  Owner notification letters were mailed April 29, 2022.  This recall is an expansion of NHTSA recall number 20V-332.  Owners may contact Ford customer service at 1-866-436-7332.  Ford's number for this recall is 22S11.","Owners may also contact the National Highway Traffic Safety Administration Vehicle Safety Hotline at 1-888-327-4236 (TTY 1-800-424-9153), or go to www.nhtsa.gov.","2016","FORD","F-150",NA,2016
"Ford Motor Company","17V529000",FALSE,FALSE,FALSE,"28/08/2017","AIR BAGS:FRONTAL:PASSENGER SIDE:INFLATOR MODULE","Ford Motor Company (Ford) is recalling certain 2017 F-150 and Mustang vehicles.  The air bag inflator within the passenger frontal air bag module may rupture in the event of a crash.","An inflator rupture may result in metal fragments striking the vehicle occupants resulting in serious injury or death.","Ford will notify owners, and dealers will replace the passenger frontal air bag module, free of charge.  The recall began October 11, 2017.  Owners may contact Ford customer service at 1-866-436-7332.  Ford's number for this recall is 17S26.","Owners may also contact the National Highway Traffic Safety Administration Vehicle Safety Hotline at 1-888-327-4236 (TTY 1-800-424-9153), or go to www.safercar.gov.","2017","FORD","F-150",NA,2017
"Ford Motor Company","17V053000",FALSE,FALSE,FALSE,"24/01/2017","POWER TRAIN:AUTOMATIC TRANSMISSION:GEAR POSITION INDICATION (PRNDL)","Ford Motor Company (Ford) is recalling certain 2017 F-150 trucks equipped with an eight-inch productivity screen.  In these vehicles, the instrument cluster may lose power after the initial vehicle start-up in cold ambient temperatures.  Several gauges, including the transmission gear position indicator, may not illuminate.  As such, these vehicles fail to comply with the requirements of Federal Motor Vehicles Safety Standard (FMVSS) number 102, ""Transmission shift position sequence, starter interlock, and transmission braking effect.""","If the transmission gear position indicator fails to illuminate, the driver may be unable to tell the transmission shift position, increasing the risk of a crash or injury from unintended vehicle movement.","Ford will notify owners, and dealers will reprogram the instrument cluster, free of charge.  The recall began February 20, 2017.  Owners may contact Ford customer service at 1-866-436-7332.  Ford's number for this recall is 17C01.","Owners may also contact the National Highway Traffic Safety Administration Vehicle Safety Hotline at 1-888-327-4236 (TTY 1-800-424-9153), or go to www.safercar.gov.","2017","FORD","F-150",NA,2017
"Ford Motor Company","17V332000",FALSE,FALSE,FALSE,"22/05/2017","SEATS:FRONT ASSEMBLY:RECLINER","Ford Motor Company (Ford) is recalling certain 2017 Ford Explorer, F-150, F-250, F-350, F-450 and F-550 vehicles equipped with a manual driver's seat back recliner mechanism.  In the event of a crash, the seat back frame may not restrain the occupant due to having inadequate welds.  As such, these vehicles may not meet the requirements of Federal Motor Vehicle Safety Standard (FMVSS) numbers 202a, ""Head Restraints"" and 207, ""Seating Systems.""","If the occupant is not adequately restrained in the event of a crash, they have an increased risk of injury.","Ford will notify owners, and dealers will inspect and, if necessary, replace the seat back frame, free of charge.  The recall began on June 7, 2017.  Owners may contact Ford at 1-866-436-7332.  Ford's number for this recall is 17C08.","Owners may also contact the National Highway Traffic Safety Administration Vehicle Safety Hotline at 1-888-327-4236 (TTY 1-800-424-9153), or go to www.safercar.gov.","2017","FORD","F-150",NA,2017
"Ford Motor Company","17V671000",FALSE,FALSE,FALSE,"24/10/2017","POWER TRAIN:AUTOMATIC TRANSMISSION:LEVER AND LINKAGE:COLUMN SHIFT","Ford Motor Company (Ford) is recalling certain 2017 F-150 vehicles equipped with ten-speed transmissions.  The pin that attaches the transmission shift linkage to the transmission may come out, preventing the transmission from responding to movement of the shift lever.","The disconnected linkage may cause the vehicle to not move forward or backward as selected by the driver with the shift lever.  Additionally, despite selecting 'Park', if the parking brake is not applied, the vehicle may roll.  Either scenario increases the risk of a crash.","Ford will notify owners, and dealers will replace the roll pin with an updated part, free of charge.  The recall is expected to begin December 2017.  Owners may contact Ford customer service at 1-866-436-7332.  Ford's number for this recall is 17S36.","Owners may also contact the National Highway Traffic Safety Administration Vehicle Safety Hotline at 1-888-327-4236 (TTY 1-800-424-9153), or go to www.safercar.gov.","2017","FORD","F-150",NA,2017
"Ford Motor Company","18V213000",FALSE,FALSE,FALSE,"04/04/2018","POWER TRAIN:AUTOMATIC TRANSMISSION","Ford Motor Company (Ford) is recalling certain 2017-2018 Ford F-150 and 2018 Ford Expedition and Mustang and Lincoln Navigator vehicles equipped with 10-speed automatic transmissions.  A roll pin may not have been installed in the transmission, potentially causing a loss of the ""Park"" function.","Despite the transmission shift lever being placed in 'Park' and the instrument panel display indicating 'Park,' the vehicle may roll away after it has been exited if the parking brake has not been applied, increasing the risk of injury or a crash.","Ford will notify owners, and dealers will inspect the transmission to make sure it has the roll pin, installing one if it is missing, free of charge.  The recall began on April 13, 2018.  Owners may contact Ford customer service at 1-866-436-7332.  Ford's number for this recall is 18S09.","Owners may also contact the National Highway Traffic Safety Administration Vehicle Safety Hotline at 1-888-327-4236 (TTY 1-800-424-9153), or go to www.safercar.gov.","2017","FORD","F-150",NA,2017
"Ford Motor Company","17V599000",FALSE,FALSE,FALSE,"25/09/2017","SEATS","Ford Motor Company (Ford) is recalling certain 2017 Ford F-150, F-250, F-350, F-450, and F-550 trucks with manually-adjusted front passenger seats.  The seat belt anchor may not be adequately welded to the seat cushion frame.  As such, these vehicles fail to comply with the requirements of Federal Motor Vehicle Safety Standard (FMVSS) number 210, ""Seat Belt Assembly Anchorages,"" and 207, ""Seating Systems.""","The seat belt buckle weld may fail, preventing the occupants from being properly restrained in the event of a crash, increasing the risk of injury.","Ford will notify owners, and dealers will replace the front passenger manual seat track, free of charge.  The recall is expected to begin November 6, 2017.  Owners may contact Ford customer service at 1-866-436-7332.  Ford's number for this recall is 17C17.","Owners may also contact the National Highway Traffic Safety Administration Vehicle Safety Hotline at 1-888-327-4236 (TTY 1-800-424-9153), or go to www.safercar.gov.","2017","FORD","F-150",NA,2017
"Ford Motor Company","25V236000",FALSE,FALSE,FALSE,"11/04/2025","SERVICE BRAKES, HYDRAULIC:FOUNDATION COMPONENTS:MASTER CYLINDER","Ford Motor Company (Ford) is recalling certain 2017-2018 F-150, Expedition, and Lincoln Navigator vehicles.  The brake master cylinder may allow brake fluid to leak from the front wheel circuit into the brake booster.","A brake fluid leak can cause reduced brake function and extend the distance required to stop, increasing the risk of a crash.","Dealers will replace the brake master cylinder.  If the master cylinder is leaking, the brake booster will also be replaced. Repairs will be performed free of charge. Owner notification letters were mailed September 25, 2025. Owners may contact Ford customer service at 1-866-436-7332.  Ford's number for this recall is 25S37. This recall is an expansion of NHTSA recall number 22V-150.","Owners may also contact the National Highway Traffic Safety Administration Vehicle Safety Hotline at 1-888-327-4236 (TTY 1- 888-275-9171) or go to www.safercar.gov.","2017","FORD","F-150",NA,2017
"Ford Motor Company","26V370000",FALSE,FALSE,FALSE,"09/06/2026","ELECTRICAL SYSTEM: INSTRUMENT CLUSTER/PANEL","Ford Motor Company (Ford) is recalling certain 2017 F-150 vehicles previously repaired incorrectly under recall number 17V053. The instrument cluster may lose power after initial vehicle start-up in cold ambient temperatures. Several gauges, including the transmission gear position indicator, may not illuminate.  As such, these vehicles fail to comply with the requirements of Federal Motor Vehicle Safety Standard number 102, ""Transmission Shift Lever Sequence, Starter Interlock, and Transmission Braking Effect.""","An instrument cluster that fails to display critical safety information, such as gear position or warning lights, increases the risk of a crash or injury.","Dealers will update the Instrument Panel Cluster Assembly (IPC) software, free of charge. Owner notification letters are expected to be mailed July 6. 2026. Owners may contact Ford customer service at 1-866-436-7332. Ford's number for this recall is 26C26. Vehicle Identification Numbers (VINs) involved in this recall will become searchable on NHTSA.gov on July 6, 2026.",NA,"2017","FORD","F-150",NA,2017
"Ford Motor Company","20V097000",FALSE,FALSE,FALSE,"21/02/2020","EXTERIOR LIGHTING:HEADLIGHTS","Ford Motor Company (Ford) is recalling certain 2018-2020 F-150 trucks equipped with high series LED headlamps with Autolamp (On/Off) functionality.  The Daytime Running Lamps (DRL) may remain activated instead of dimming to parking lamps when the Master Lighting Switch (MLS) is manually rotated from the ""Autolamps"" switch position to ""Headlamps On."" As such, these vehicles fail to comply with the requirements of Federal Motor Vehicle Safety Standard (FMVSS) number 108, ""Lamps, Reflective Devices and Associated Equipment.""","DRL that cannot dim may reduce the visibility of other drivers, increasing the risk of a crash.","Ford will notify owners, and dealers will reprogram the body control module, free of charge. The recall began March 10, 2020. Owners may contact Ford customer service at 1-866-436-7332. Ford's number for this recall is 20C03.","Owners may also contact the National Highway Traffic Safety Administration Vehicle Safety Hotline at 1-888-327-4236 (TTY 1-800-424-9153), or go to www.safercar.gov.","2018","FORD","F-150",NA,2018
"Ford Motor Company","21V983000",FALSE,FALSE,FALSE,"16/12/2021","LATCHES/LOCKS/LINKAGES:TAILGATE:LATCH","Ford Motor Company (Ford) is recalling certain 2018 F-150 vehicles with manual and power release tailgates.  The tailgate latches may unlatch unexpectedly while driving.","Unexpected tailgate opening may allow unrestrained cargo to fall out of the truck bed and become a road hazard, increasing the risk of a crash.","Dealers will replace the left-hand and right-hand tailgate latches, free of charge.  An interim notification letter was mailed January 31, 2022.  Owner notification letters were mailed on May 31, 2022.  Owners may contact Ford customer service at 1-866-436-7332.  Ford's number for this recall is 21S53.","Owners may also contact the National Highway Traffic Safety Administration Vehicle Safety Hotline at 1-888-327-4236 (TTY 1-800-424-9153), or go to www.nhtsa.gov.","2018","FORD","F-150",NA,2018
"Ford Motor Company","21V155000",FALSE,FALSE,FALSE,"10/03/2021","TIRES","Ford Motor Company (Ford) is recalling certain 2018 F-150, 2018-2020 F-250, F-350, and 2019 Escape vehicles equipped with Continental tires.  On the affected vehicles, it is possible that one or more tires were cured for too long during tire production.","Over cured tires may develop a break in the sidewall, resulting in sudden air loss or belt edge separation which could lead to tread/belt loss.  Either condition can cause a loss of vehicle control, increasing the risk of a crash.","Ford will notify owners, and dealers will inspect the tires, and replace them as necessary, free of charge.  The recall began on March 27, 2021.  Owners may contact Ford customer service at 1-866-436-7332.  Ford's number for this recall is 21S10.","Owners may also contact the National Highway Traffic Safety Administration Vehicle Safety Hotline at 1-888-327-4236 (TTY 1-800-424-9153), or go to www.safercar.gov.","2018","FORD","F-150",NA,2018
"Ford Motor Company","18V392000",FALSE,FALSE,FALSE,"12/06/2018","FUEL SYSTEM, GASOLINE:DELIVERY:FUEL PUMP","Ford Motor Company (Ford) is recalling certain 2018 Ford Expedition, F-150, and Lincoln Navigator vehicles equipped with 3.5L GTDI V6 engines.  These vehicles have high pressure fuel pump assemblies with welds that can fracture, which may cause an oil or fuel leak.","A fuel leak in the presence of an ignition source may increase the risk of a fire.","Ford will notify owners, and dealers will replace the high pressure fuel pump and associated components, free of charge.  The recall began July 17, 2018.  Owners may contact Ford customer service at 1-866-436-7332.  Ford's number for this recall is 18S17.","Owners may also contact the National Highway Traffic Safety Administration Vehicle Safety Hotline at 1-888-327-4236 (TTY 1-800-424-9153), or go to www.safercar.gov.","2018","FORD","F-150",NA,2018
"Ford Motor Company","19V633000",FALSE,FALSE,FALSE,"28/08/2019","SEATS:FRONT ASSEMBLY:RECLINER","Ford Motor Company (Ford) is recalling certain 2018-2020 F-150 and 2019-2020 F-250, F-350, F-450, and F-550 Super Duty pickup trucks, and 2018-2019 Ford Explorer, 2019-2020 Expedition, and 2020 Escape vehicles equipped with driver and/or passenger's manual front seat back recliner mechanisms.  Also included are certain 2020 Ford Explorer and Lincoln Aviator vehicles equipped with rear outboard seats and manual seat back recliner mechanisms.  The recliner mechanisms may be missing the third pawl required for seat back strength, resulting in a loose seat back.  As such, these vehicles fail to comply with the requirements of Federal Motor Vehicle Safety Standard (FMVSS) numbers 202, ""Head Restraints"" and 207, ""Seating Systems.""","A seat back with an improperly assembled recliner mechanism may have reduced strength and may not adequately restrain an occupant in a crash, increasing the risk of injury.","Ford will notify owners, and Ford and Lincoln dealers will inspect the seat structure and replace them, as necessary, free of charge.  The recall began October 21, 2019.  Owners may contact Ford customer service at 1-866-436-7332.  Ford's number for this recall is 19C07.","Owners may also contact the National Highway Traffic Safety Administration Vehicle Safety Hotline at 1-888-327-4236 (TTY 1-800-424-9153), or go to www.safercar.gov.","2018","FORD","F-150",NA,2018
"Ford Motor Company","18V214000",FALSE,FALSE,FALSE,"04/04/2018","POWER TRAIN:AUTOMATIC TRANSMISSION:GEAR POSITION INDICATION (PRNDL)","Ford Motor Company (Ford) is recalling certain 2018 F-650 and F-750 vehicles equipped with 6-speed automatic transmissions and 2018 Ford F-150 and Expedition vehicles equipped with 10-speed automatic transmissions (excluding Expedition vehicles with
a Rotary Gear Shift Dial on the console).  The gear shift cable clip may not be properly seated, allowing the transmission to be in a different gear than indicated by the gear shift lever position.","If the gear shift cable clip becomes unseated or dislodged, the gear shift lever position may indicate that the transmission is in 'Park' when it may be in a different gear.  Additionally, despite selecting 'Park', if the parking brake is not applied before the vehicle is exited, the vehicle may roll.  Either scenario increases the risk of a crash.","Ford will notify owners, and dealers will inspect the shift cable locking clip and properly seat it, if necessary, free of charge.  The recall began on April 13, 2018.  Owners may contact Ford customer service at 1-866-436-7332.  Ford's number for the recall is 18S10.","Owners may also contact the National Highway Traffic Safety Administration Vehicle Safety Hotline at 1-888-327-4236 (TTY 1-800-424-9153), or go to www.safercar.gov.","2018","FORD","F-150",NA,2018
"Ford Motor Company","17V672000",FALSE,FALSE,FALSE,"23/10/2017","ENGINE","Ford Motor Company (Ford) is recalling certain 2018 F-150 vehicles equipped with 3.5L engines.  The cylinder heads may have been machined without lubrication supply holes for the camshaft bearing journals.","Without a proper supply of lubrication, the engine will fail, causing a stall and increasing the risk of a crash.","Ford is not aware of any affected vehicles outside of dealer control.  Should owner contact subsequently be required, arrangements will be made to transport their vehicle to a Ford or Lincoln dealer to have the engine replaced.The recall began October 24, 2017.  Owners may contact Ford customer service at 1-866-436-7332.  Ford's number for this recall is 17S37.","Owners may also contact the National Highway Traffic Safety Administration Vehicle Safety Hotline at 1-888-327-4236 (TTY 1-800-424-9153), or go to www.safercar.gov.","2018","FORD","F-150",NA,2018
"Ford Motor Company","17V669000",FALSE,FALSE,FALSE,"23/10/2017","POWER TRAIN:AUTOMATIC TRANSMISSION:LEVER AND LINKAGE:COLUMN SHIFT","Ford Motor Company (Ford) is recalling certain 2018 F-150 vehicles equipped with a 3.3L engine, a 6-speed transmission and a column mounted shift lever.  Quickly moving the shift lever from Park to Drive may cause a loss of gear indication on the instrument cluster display and a momentary selection of an unintended gear, such as Reverse or Neutral before the vehicle achieves Drive function.","Unidentified or unintended gear selection may cause the vehicle to move in a way that was not intended by the driver, increasing the risk of crash or injury.","Ford will notify owners, and dealers will reprogram the powertrain control module, free of charge.  Owners may contact Ford Customer Service at 1-866-436-7332.  Ford's number for this recall is 17S35.","Owners may also contact the National Highway Traffic Safety Administration Vehicle Safety Hotline at 1-888-327-4236 (TTY 1-800-424-9153), or go to www.safercar.gov.","2018","FORD","F-150",NA,2018
"Ford Motor Company","17V598000",FALSE,FALSE,FALSE,"25/09/2017","STRUCTURE:BODY:ROOF AND PILLARS","Ford Motor Company (Ford) is recalling certain 2018 Ford F-150 Raptor Super Cab pick-up trucks not equipped with a moonroof.  The structural roof braces may be missing rivets at the attachment of the roof rail, thereby reducing the structural integrity.","If the structural integrity is reduced, in the event of a rollover crash, there may be an increased risk of injury .","Ford will notify owners, and dealers will install the rivets for the roof brace attachments, free of charge.  The recall began October 17, 2017.  Owners may contact Ford customer service at 1-866-436-7332.  Ford's number for this recall is 17S29.","Owners may also contact the National Highway Traffic Safety Administration Vehicle Safety Hotline at 1-888-327-4236 (TTY 1-800-424-9153), or go to www.safercar.gov.","2018","FORD","F-150",NA,2018
"Ford Motor Company","24V852000",FALSE,FALSE,FALSE,"08/11/2024","EQUIPMENT:OTHER:LABELS","Ford Motor Company (Ford) is recalling certain 2020-2025 Explorer, Lincoln Aviator, 2020-2024 Escape, Lincoln Corsair, 2018-2024 F-150, Expedition and Lincoln Navigator vehicles.  The air bag warning label may be missing from the dashboard.  As such, these vehicles fail to comply with the requirement Federal Motor Vehicle Safety Standard number 208, ""Occupant Crash Protection.""","Without a label that shows the proper restraint usage guidelines, the occupants may have an increased risk of injury in the event of a crash.","Ford will mail owners the warning labels, free of charge.  Owner notification letters were mailed December 19, 2024.  Owners may call Ford customer service at 1-866-436-7332.  Ford's number for this recall is 24C39.","Owners may also contact the National Highway Traffic Safety Administration Vehicle Safety Hotline at 1-888-327-4236 (TTY 1-800-424-9153) or go to nhtsa.gov.","2018","FORD","F-150",NA,2018
"Ford Motor Company","26V373000",FALSE,FALSE,FALSE,"09/06/2026","EXTERIOR LIGHTING:HEADLIGHTS","Ford Motor Company (Ford) is recalling certain 2018-2020 F-150 vehicles previously repaired incorrectly under recall number 20V097. When the headlight switch is turned from ""Autolamps"" to ""Headlamps On,"" the Daytime Running Lamps (DRLs) may remain fully bright instead of dimming to parking lamps as intended. As such, these vehicles fail to comply with the requirements of Federal Motor Vehicle Safety Standard (FMVSS) number 108, ""Lamps, Reflective Devices and Associated Equipment.""","Daytime Running Lamps that do not dim may reduce the visibility of other drivers, increasing the risk of a crash.","Dealers will reprogram the body control module software, free of charge. Owner notification letters are expected to be mailed July 6. 2026. Owners may contact customer service at 1-866-436-7332. Ford's number for this recall is 26C28. Vehicle Identification Numbers (VINs) involved in this recall will become searchable on NHTSA.gov on July 6, 2026.",NA,"2018","FORD","F-150",NA,2018
"Ford Motor Company","26V375000",FALSE,FALSE,FALSE,"09/06/2026","POWER TRAIN:AUTOMATIC TRANSMISSION:CONTROL MODULE (TCM/PCM/TECM)","Ford Motor Company (Ford) is recalling certain 2018 F-150 vehicles previously repaired incorrectly under recall number 17V669. Quickly moving the shift lever from Park to Drive may cause a loss of gear indication on the instrument cluster display and a momentary selection of an unintended gear, such as Reverse or Neutral.","Unintended gear selection may cause the vehicle to move in an unexpected direction, increasing the risk of crash or injury.","Dealers will update the powertrain control module software, free of charge. Owner notification letters were mailed July 9, 2026. Owners may contact customer service at 1-866-436-7332. Ford's number for this recall is 26S42. Vehicle Identification Numbers (VINs) involved in this recall will become searchable on NHTSA.gov on July 6, 2026.",NA,"2018","FORD","F-150",NA,2018
"Ford Motor Company","19V805000",FALSE,FALSE,FALSE,"12/11/2019","ELECTRICAL SYSTEM:12V/24V/48V BATTERY:CABLES","Ford Motor Company (Ford) is recalling certain 2019-2020 F-150 vehicles. The fastener securing the Power Distribution Box (PDB) 12V cable and Battery Monitoring System (BMS) eyelets to the positive battery terminal may loosen and affect the vehicle's systems such as instrument panel displays and braking or steering assist.  The engine could also stall.","Inoperative vehicle systems or an engine stall can increase the risk of a crash.  Reduced braking and steering efforts increases the risk of a crash.  This condition could also create a resistive short, increasing the risk of a fire.","Ford will notify owners, and dealers will inspect the positive battery cable/BMS/PDB joint for excess sealant adhesive and remove any excessive adhesive, reassemble the joint, and retorque the fastener, as necessary, free of charge.  The recall began November 25, 2019.  Owners may contact Ford customer service at 1-866-436-7332.  Ford's number for this recall is 19S40.","Owners may also contact the National Highway Traffic Safety Administration Vehicle Safety Hotline at 1-888-327-4236 (TTY 1-800-424-9153), or go to www.safercar.gov.","2019","FORD","F-150",NA,2019
"Ford Motor Company","22V252000",FALSE,FALSE,FALSE,"14/04/2022","BACK OVER PREVENTION: SENSING SYSTEM: CAMERA","Ford Motor Company (Ford) is recalling certain 2019 F-150, Super Duty F-250, F-350, F-450, and F-550 vehicles.  Due to a poor electrical connection, the rearview camera may intermittently display a blank or distorted image.  As such, these vehicles fail to comply with the requirements of Federal Motor Vehicle Safety Standard number 111, ""Rear Visibility.""","A rearview camera that displays a blank or distorted image can reduce the drivers view of what is behind the vehicle, increasing the risk of a crash.","Dealers will replace the rearview camera, free of charge.  Owner notification letters were mailed June 2, 2022.  Owners may contact Ford customer service at 1-866-436-7332.  Ford's number for this recall is 20C19.","Owners may also contact the National Highway Traffic Safety Administration Vehicle Safety Hotline at 1-888-327-4236 (TTY 1-800-424-9153), or go to www.nhtsa.gov.","2019","FORD","F-150",NA,2019
"Ford Motor Company","25V442000",FALSE,FALSE,FALSE,"27/06/2025","BACK OVER PREVENTION:SOFTWARE","Ford Motor Company (Ford) is recalling certain 2018-2022 Transit Connect, 2019-2020 MKZ, MKX,  Edge, Continental, F-150, Nautilus, Fusion, 2019-2023 Ranger, Mustang, 2020-2021 EcoSport, Expedition, Navigator, 2020-2022 Escape, F-250 SD, Corsair, 2020-2023 Aviator, Transit, 2020-2024 Explorer, 2021-2024 Bronco Sport, and 2022-2024 Maverick vehicles. A software error may cause the rearview camera to display a blank image, or the image may remain on the display after the backing event has ended.","A rearview camera that displays a blank image can reduce the driver's view behind the vehicle. A rearview image that continues to be displayed after the vehicle is shifted out of reverse may distract the driver. Both of these situations can increase the risk of a crash.","Dealers will update the rearview camera software, free of charge. Owner notification letters were mailed September 4, 2025. Owners may contact Ford customer service at 1-866-436-7332. Ford's number for this recall is 25S72.",NA,"2019","FORD","F-150",NA,2019
"Ford Motor Company","19V903000",FALSE,FALSE,FALSE,"18/12/2019","TIRES:BEAD","Ford Motor Company (Ford) is recalling certain 2020 F-150 trucks equipped with 17-inch spare tires.  The spare tire could have been damaged when it was installed on the rim.","The damage can cause the tire to rapidly lose air pressure or detach from the wheel, increasing the risk of a crash.","Ford will notify owners, and dealers will replace the spare tire, free of charge.  The recall began January 13, 2020.  Owners may contact Ford customer service at 1-866-436-7332.  Ford's number for this recall is 19S55.","Owners may also contact the National Highway Traffic Safety Administration Vehicle Safety Hotline at 1-888-327-4236 (TTY 1-800-424-9153), or go to www.safercar.gov.","2020","FORD","F-150",NA,2020
"Ford Motor Company","20V575000",FALSE,FALSE,FALSE,"23/09/2020","BACK OVER PREVENTION: SENSING SYSTEM: CAMERA","Ford Motor Company (Ford) is recalling certain 2020 Ford F-150, F-250, F-350, F-450, F-550, Explorer, Mustang, Transit, Expedition, Escape, Ranger and Edge, and Lincoln Nautilus and Corsair vehicles.  Due to a poor electrical connection, the rearview camera may intermittently display a blank or distorted image.  As such, these vehicles fail to comply with the requirements of Federal Motor Vehicle Safety Standard (FMVSS) number 111, ""Rear Visibility.""","Reduced rearward visibility can increase the risk of a crash.","Ford will notify owners, and dealers will replace the rearview camera, free of charge.  The recall began November 17, 2020.  Remedy became available on February 1, 2021.  Owner notification letters were mailed on February 1, 2021.  Owners may contact Ford customer service at 1-866-436-7332.  Ford's number for this recall is 20C19.","Owners may also contact the National Highway Traffic Safety Administration Vehicle Safety Hotline at 1-888-327-4236 (TTY 1-800-424-9153), or go to www.safercar.gov.","2020","FORD","F-150",NA,2020
"Ford Motor Company","20V467000",FALSE,FALSE,FALSE,"10/08/2020","ELECTRICAL SYSTEM:STARTER ASSEMBLY","Ford Motor Company (Ford) is recalling certain 2020 F-150 vehicles.  An incorrect attachment nut may have been used to attach the battery positive (B+) power supply cable to the starter motor, possibly affecting the electrical conductivity, resulting in excess heat and electrical arcing.","Electrical arcing can increase the risk of a fire.","Ford will notify owners, and dealers will replace the starter motor B+ power supply attachment nut, free of charge. The recall began August 25, 2020.  Owners may contact Ford customer service at 1-866-436-7332.  Ford's number for this recall is 20S40.","Owners may also contact the National Highway Traffic Safety Administration Vehicle Safety Hotline at 1-888-327-4236 (TTY 1-800-424-9153), or go to www.safercar.gov.","2020","FORD","F-150",NA,2020
"Ford Motor Company","20V197000",FALSE,FALSE,FALSE,"03/04/2020","POWER TRAIN:AUTOMATIC TRANSMISSION:GEAR POSITION INDICATION (PRNDL)","Ford Motor Company (Ford) is recalling certain 2020 Ranger and F-150 vehicles equipped with 10-speed automatic transmissions and certain 2020 Expedition vehicles equipped with a ""police"" package.  The transmission shift cable lock clip may not be fully seated, allowing the transmission to actually be in a different gear than the gear shift position selected by the driver.","If the transmission selection does not match the indicated gear selection, and the parking brake is not applied, unintended vehicle movement can occur, increasing the risk of injury or crash.","Ford will notify owners, and dealers will inspect and correct the shift cable locking clip installation, as necessary, free of charge.  The recall began April 27, 2020.  Owners may contact Ford customer service at 1-866-436-7332.  Ford's number for this recall is 20S18.","Owners may also contact the National Highway Traffic Safety Administration Vehicle Safety Hotline at 1-888-327-4236 (TTY 1-800-424-9153), or go to www.safercar.gov.","2020","FORD","F-150",NA,2020
"Ford Motor Company","22V250000",FALSE,FALSE,FALSE,"14/04/2022","VISIBILITY:WINDSHIELD WIPER/WASHER:LINKAGES","Ford Motor Company (Ford) is recalling certain 2020-2021 F-150, Expedition, 2020-2022 Super Duty F-250, F-350, F-450, F-550, and 2020-2021 Lincoln Navigator vehicles.  The windshield wiper arms may break, causing the windshield wipers to fail.","Inoperative windshield wipers can reduce visibility in certain driving conditions, increasing the risk of a crash.","Dealers will replace both front windshield wiper arms, free of charge.  Interim owner notification letters, informing owners of the safety risk, were mailed on May 24, 2022.  Remedy parts are expected to be available 3rd Quarter 2022.  Owner notification letters were mailed on October 21, 2022.  Owners may contact Ford customer service at 1-866-436-7332.  Ford's number for this recall is 22S26.","Owners may also contact the National Highway Traffic Safety Administration Vehicle Safety Hotline at 1-888-327-4236 (TTY 1-800-424-9153), or go to www.nhtsa.gov.","2020","FORD","F-150",NA,2020
"Ford Motor Company","21V986000",FALSE,FALSE,FALSE,"16/12/2021","POWER TRAIN:DRIVELINE:DRIVESHAFT","Ford Motor Company (Ford) is recalling certain 2021-2022 F-150 vehicles.  Underbody heat and noise insulators may loosen and contact the aluminum driveshaft, which could damage the driveshaft and cause it to fracture.","A fractured driveshaft can cause a loss of drive power, or a loss of vehicle control if the driveshaft contacts the ground.  Additionally, unintended movement could occur while parked if the parking brake is not engaged.  Any of these scenarios can increase the risk of a crash.","Dealers will inspect and repair the driveshaft as necessary, and properly attach the underbody insulators, free of charge.  Owner notification letters were mailed February 4, 2022.  Owners may contact Ford customer service at 1-866-436-7332.  Ford's number for this recall is 21S56.","Owners may also contact the National Highway Traffic Safety Administration Vehicle Safety Hotline at 1-888-327-4236 (TTY 1-800-424-9153), or go to www.nhtsa.gov.","2021","FORD","F-150",NA,2021
"Ford Motor Company","21V090000",FALSE,FALSE,FALSE,"18/02/2021","VISIBILITY:WINDSHIELD:CRITICAL FASTENERS","Ford Motor Company (Ford) is recalling certain 2021 F-150 and 2020-2021 F-250, F-350, F-450, and F-550 Super Duty vehicles.  During manufacturing, the windshield may not have been properly bonded to the vehicle, allowing it to detach in a crash.  As such, these vehicles fail to comply with the requirements of Federal Motor Vehicle Safety Standard (FMVSS) number 212, ""Windshield Mounting.""","In the event of a crash, if the windshield separates from the vehicle, it can increase the risk of injury.","Ford will notify owners, and dealers will remove and reinstall the windshield, free of charge.  The recall began April 16, 2021.  Owners may contact Ford customer service at 1-866-436-7332.  Ford's number for this recall is 21C06.","Owners may also contact the National Highway Traffic Safety Administration Vehicle Safety Hotline at 1-888-327-4236 (TTY 1-800-424-9153), or go to www.safercar.gov.","2021","FORD","F-150",NA,2021
"Ford Motor Company","21V805000",FALSE,FALSE,FALSE,"15/10/2021","AIR BAGS:SENSOR:SIDE IMPACT","Ford Motor Company (Ford) is recalling certain 2022 Super Duty F-250, F-350, 2021 F-150, Expedition, and Lincoln Navigator vehicles.  The front-door side impact pressure sensor modules may have been damaged during supplier assembly, which can cause the side impact air bags to not deploy properly in a crash.  As such, these vehicles fail to comply with the requirements of Federal Motor Vehicle Safety Standard number 214, ""Side Impact Protection.""","An air bag that does not deploy properly during a crash increases the risk of injury.","Dealers will replace the driver and passenger front door side impact sensors, free of charge.  Owner notification letters were mailed November 3, 2021.  Owners may contact Ford customer service at 1-866-436-7332.  Ford's number for this recall is 21C26.","Owners may also contact the National Highway Traffic Safety Administration Vehicle Safety Hotline at 1-888-327-4236 (TTY 1-800-424-9153), or go to www.nhtsa.gov.","2021","FORD","F-150",NA,2021
"Ford Motor Company","21V533000",FALSE,FALSE,FALSE,"15/07/2021","SERVICE BRAKES, HYDRAULIC","Ford Motor Company (Ford) is recalling certain 2021 F-150 vehicles.  The electronic brake booster may leak brake fluid into the electronic control unit, which could result in reduced braking performance.","Reduced braking performance can increase the risk of a crash.","Dealers will replace the electronic brake booster assembly, free of charge.  Owner notification letters were mailed on July 28, 2021.  Owners may contact Ford customer service at 1-866-436-7332.  Ford's number for this recall is 21S33.","Owners may also contact the National Highway Traffic Safety Administration Vehicle Safety Hotline at 1-888-327-4236 (TTY 1-800-424-9153), or go to www.nhtsa.gov.","2021","FORD","F-150",NA,2021
"Ford Motor Company","21V653000",FALSE,FALSE,FALSE,"23/08/2021","SEAT BELTS:FRONT:WEBBING","Ford Motor Company (Ford) is recalling certain 2021 F-150 Super Cab vehicles.  The front seatbelt webbing may be incorrectly routed.","A misrouted seatbelt may not adequately restrain an occupant in a crash, increasing the risk of injury.","Owners are advised to perform a preliminary self-inspection of the front seatbelts.  If the passenger-side seatbelt fails inspection, owners should not use the passenger seat until the repair is performed.  If the driver-side seatbelt fails inspection, owners should not drive their vehicle until the repair is performed.  Dealers will inspect the front seatbelts and, if the webbing is misrouted, will replace the seatbelt retractor and pretensioner, free of charge.  Owner notification letters were mailed on October 14, 2021.  Owners may contact Ford customer service at 1-866-436-7332.  Ford's number for this recall is 21C20.","Owners may also contact the National Highway Traffic Safety Administration Vehicle Safety Hotline at 1-888-327-4236 (TTY 1-800-424-9153), or go to www.nhtsa.gov.","2021","FORD","F-150",NA,2021
"Ford Motor Company","21V381000",FALSE,FALSE,FALSE,"24/05/2021","POWER TRAIN:DRIVELINE:DRIVESHAFT","Ford Motor Company (Ford) is recalling certain 2021 F-150 vehicles.  The two-piece driveshafts may have been improperly assembled, which could result in driveshaft separation.","Driveshaft separation may result in a sudden loss of drive power, or unintended vehicle movement if the vehicle is in park without the parking brake applied, increasing the risk of a crash.","Dealers will inspect the driveshaft, and replace it if necessary, free of charge.  Owner notification letters were mailed on June 15, 2021.  Owners may contact Ford customer service at 1-866-436-7332.  Ford's number for this recall is 21S25.","Owners may also contact the National Highway Traffic Safety Administration Vehicle Safety Hotline at 1-888-327-4236 (TTY 1-800-424-9153), or go to www.nhtsa.gov.","2021","FORD","F-150",NA,2021
"Ford Motor Company","21V407000",TRUE,FALSE,FALSE,"29/05/2021","STEERING:GEAR BOX (OTHER THAN RACK AND PINION)","Ford Motor Company (Ford) is recalling certain 2021 F-150 vehicles.  The steering gear may have internal damage, which could result in difficulty steering, or the inability to rotate the steering wheel while driving.","Loss of steering control can increase the risk of a crash.","Owners are advised to not drive their vehicles until the repair is complete.  Vehicles will be towed in for service, and dealers will remove and replace the steering gear, free of charge.  Owner notification letters were mailed on June 4, 2021. Owners may contact Ford customer service at 1-866-436-7332.  Ford's number for this recall is 21S28.","Owners may also contact the National Highway Traffic Safety Administration Vehicle Safety Hotline at 1-888-327-4236 (TTY 1-800-424-9153), or go to www.nhtsa.gov.","2021","FORD","F-150",NA,2021
"Ford Motor Company","22V142000",FALSE,FALSE,FALSE,"11/03/2022","VISIBILITY:WINDSHIELD WIPER/WASHER:MOTOR","Ford Motor Company (Ford) is recalling certain 2021 F-150 vehicles.  The front windshield wiper motor may become inoperative, causing the wipers to fail.","Inoperative windshield wipers can reduce visibility in certain conditions, increasing the risk of a crash.","Dealers will replace the front windshield wiper motor, free of charge.  Owner notification letters were mailed June 22, 2023.  Owners may contact Ford customer service at 1-866-436-7332.  Ford's number for this recall is 22S12.","Owners may also contact the National Highway Traffic Safety Administration Vehicle Safety Hotline at 1-888-327-4236 (TTY 1-800-424-9153), or go to www.nhtsa.gov.","2021","FORD","F-150",NA,2021
"Ford Motor Company","22V193000",FALSE,FALSE,FALSE,"25/03/2022","ELECTRICAL SYSTEM: INTEGRATED TRAILER BRAKE CONTROL","Ford Motor Company (Ford) is recalling certain 2021-2022 F-150, 2022 Maverick, Expedition, Lincoln Navigator, F-250, F-350, F-450, and F-550 vehicles.  Due to a software error, a towed trailer equipped with an electric or electric-over hydraulic brake system may not brake.","Loss of trailer brake functionality could result in extended stopping distance, increasing the risk of a crash.","Dealers will update the integrated trailer brake control module software, free of charge.  Owner notification letters were mailed April 22, 2022.  Owners may contact Ford customer service at 1-866-436-7332.  Ford's number for this recall is 22S17.","Owners may also contact the National Highway Traffic Safety Administration Vehicle Safety Hotline at 1-888-327-4236 (TTY 1-800-424-9153), or go to www.nhtsa.gov.","2021","FORD","F-150",NA,2021
"Ford Motor Company","22V188000",FALSE,FALSE,FALSE,"25/03/2022","POWER TRAIN:AUTOMATIC TRANSMISSION:CONTROL MODULE (TCM/PCM/TECM)","Ford Motor Company (Ford) is recalling certain 2021 F-150 vehicles.  The Diagnostic Trouble Code (DTC) for low transmission fluid pressure may falsely activate and cause the transmission to unexpectedly shift into neutral.","An unexpected shift into neutral will cause a loss of drive power and increase the risk of a crash.","Dealers will update the Powertrain Control Module (PCM) software, free of charge.  Owner notification letters were mailed on April 12, 2022.  Owners may contact Ford customer service at 1-866-436-7332.  Ford's number for this recall is 22S15.","Owners may also contact the National Highway Traffic Safety Administration Vehicle Safety Hotline at 1-888-327-4236 (TTY 1-800-424-9153), or go to www.nhtsa.gov.","2021","FORD","F-150",NA,2021
"Ford Motor Company","22V414000",FALSE,FALSE,FALSE,"10/06/2022","FUEL SYSTEM, GASOLINE:STORAGE","Ford Motor Company (Ford) is recalling one 2021 F-150 vehicle.  A single vehicle may have been assembled without a fuel tank front attachment resulting in an unsecured fuel tank attachment strap.","An improperly attached fuel tank increases the risk of a fuel leak and potential for fire.","Dealers will inspect and repair (if necessary) the fuel tank strap bracket, free of charge.  Owner notification letters were mailed July 1, 2022.  Owners may contact Ford customer service at 1-866-436-7332.  Ford's number for this recall is 22S42.","Owners may also contact the National Highway Traffic Safety Administration Vehicle Safety Hotline at 1-888-327-4236 (TTY 1-800-424-9153), or go to www.nhtsa.gov.","2021","FORD","F-150",NA,2021
"Ford Motor Company","22V623000",FALSE,FALSE,FALSE,"12/08/2022","POWER TRAIN:DRIVELINE:DRIVESHAFT","Ford Motor Company (Ford) is recalling certain 2021-2022 F-150 vehicles.  Underbody heat and noise insulators may loosen and contact the aluminum driveshaft, which could damage the driveshaft and cause it to fracture.","A fractured driveshaft can cause a loss of drive power, or a loss of vehicle control if the driveshaft contacts the ground.  Additionally, unintended movement could occur while parked if the parking brake is not engaged.  Any of these scenarios increases the risk of a crash.","Dealers will inspect and repair the driveshaft, as necessary, and properly attach the underbody insulators, free of charge.  Owner notification letters were mailed September 1, 2022.  Owners may contact Ford customer service at 1-866-436-7332.  Ford's number for this recall is 22S53.","Owners may also contact the National Highway Traffic Safety Administration Vehicle Safety Hotline at 1-888-327-4236 (TTY 1-800-424-9153), or go to www.nhtsa.gov.","2021","FORD","F-150",NA,2021
"Ford Motor Company","22V842000",FALSE,FALSE,FALSE,"15/11/2022","VISIBILITY:WINDSHIELD WIPER/WASHER:MOTOR","Ford Motor Company (Ford) is recalling certain 2021-2022 F-150 vehicles.  The front windshield wiper motor may become inoperative, causing the wipers to fail.","Inoperative windshield wipers can reduce visibility in certain conditions, increasing the risk of a crash.","Dealers will replace the front windshield wiper motor, free of charge.  Owner notification letters were mailed June 30, 2023.  Remedy parts are expected in the 3rd Quarter of 2023.  Owners may contact Ford customer service at 1-866-436-7332.  Ford's number for this recall is 22S71.  This recall expands previous recall number 22V-142.","Owners may also contact the National Highway Traffic Safety Administration Vehicle Safety Hotline at 1-888-327-4236 (TTY 1-800-424-9153), or go to www.nhtsa.gov.","2021","FORD","F-150",NA,2021
"Ford Motor Company","23V163000",FALSE,FALSE,FALSE,"10/03/2023","VISIBILITY:WINDSHIELD WIPER/WASHER:LINKAGES","Ford Motor Company (Ford) is recalling certain 2021 F-150 vehicles.  The windshield wiper arms may break, causing the windshield wipers to fail.","Inoperative windshield wipers can reduce visibility in certain conditions, increasing the risk of a crash.","Dealers will inspect and replace the wiper arms, as necessary, free of charge.  Owner notification letters were mailed December 13, 2023.  Owners may contact Ford customer service at 1-866-436-7332.  Ford's number for this recall is 23S10.  This recall expands previous recall number 22V-250.","Owners may also contact the National Highway Traffic Safety Administration Vehicle Safety Hotline at 1-888-327-4236 (TTY 1-800-424-9153), or go to www.nhtsa.gov.","2021","FORD","F-150",NA,2021
"Ford Motor Company","23V509000",FALSE,FALSE,FALSE,"21/07/2023","PARKING BRAKE:ELECTRICAL","Ford Motor Company (Ford) is recalling certain 2021-2023 F-150 vehicles equipped with a single exhaust system.  Contact with the rear axle housing may damage the wiring harness, causing the electric parking brake to activate unexpectedly.","Unexpected activation of the electric parking brake while driving increases the risk of a crash.","Dealers will install a protective tie strap, tape wrap, and replace the harness as necessary, free of charge. Owner notification letters were mailed February 12, 2024.  Owners may contact Ford customer service at 1-866-436-7332.  Ford's number for this recall is 23S35.","Owners may also contact the National Highway Traffic Safety Administration Vehicle Safety Hotline at 1-888-327-4236 (TTY 1-800-424-9153), or go to www.nhtsa.gov.","2021","FORD","F-150",NA,2021
"Ford Motor Company","23V896000",FALSE,FALSE,FALSE,"22/12/2023","POWER TRAIN:AXLE HUBS","Ford Motor Company (Ford) is recalling certain 2021-2023 F-150 vehicles equipped with the Trailer Tow Max Duty package and a 9.75-inch heavy duty axle with a 3/4 float axle design.  The rear axle hub bolt may fatigue and break, which can result in damage to the axle hub splines.","Damaged axle hub splines can result in a vehicle rollaway when the vehicle is in park without the parking brake applied or cause a loss of drive power.  Both of these conditions can increase the risk of a crash.","Dealers will replace the left and right rear axle shaft assemblies, free of charge.  Owner notification letters were mailed on May 9, 2025.  Owners may contact Ford customer service at 1-866-436-7332.  Ford's number for this recall is 23S65.","Owners may also contact the National Highway Traffic Safety Administration Vehicle Safety Hotline at 1-888-327-4236 (TTY 1-800-424-9153), or go to www.nhtsa.gov.","2021","FORD","F-150",NA,2021
"Ford Motor Company","24V443000",FALSE,FALSE,FALSE,"14/06/2024","ELECTRICAL SYSTEM:BODY CONTROL MODULE:SOFTWARE","Ford Motor Company (Ford) is recalling certain 2021 F-150 vehicles equipped with the Onboard Scales feature.  An over-the-air software update to the body control module (BCM) may have disabled both reverse lights.","Disabled reverse lights cannot alert others that the vehicle is reversing, increasing the risk of a crash.","Dealers will update the body control module software, free of charge.  Owner notification letters are were mailed June 26, 2024.   Owners may contact Ford customer service at 1-866-436-7332.  Ford's number for this recall is 24S38.","Owners may also contact the National Highway Traffic Safety Administration Vehicle Safety Hotline at 1-888-327-4236 (TTY 1-800-424-9153), or go to www.nhtsa.gov.","2021","FORD","F-150",NA,2021
"Ford Motor Company","24V635000",FALSE,FALSE,FALSE,"23/08/2024","ENGINE AND ENGINE COOLING:ENGINE:HARD PARTS INTERNAL/MECHANICAL","Ford Motor Company (Ford) is recalling certain 2021-2022 Bronco, F-150, Edge, Explorer, Lincoln Nautilus, and Lincoln Aviator vehicles equipped with either a 2.7L or 3.0L Nano EcoBoost engine.  The engine intake valves may break while driving, which can result in engine failure and a loss of drive power.","A loss of drive power increases the risk of a crash.","Dealers will perform an engine cycle test and replace the engine as necessary, free of charge. Owner notification letters were mailed July 3, 2025. Owners may contact Ford customer service at 1-866-436-7332.  Ford's number for this recall is 24S55.","Owners may also contact the National Highway Traffic Safety Administration Vehicle Safety Hotline at 1-888-327-4236 (TTY 1-800-424-9153), or go to www.safercar.gov.","2021","FORD","F-150","EA23002",2021
"Ford Motor Company","25V132000",FALSE,FALSE,FALSE,"28/02/2025","ELECTRICAL SYSTEM: INTEGRATED TRAILER BRAKE CONTROL","Ford Motor Company (Ford) is recalling certain 2021-2022 F-150, 2022 Maverick, Expedition, Lincoln Navigator, F-250, F-350, F-450, and F-550 vehicles previously repaired incorrectly under recall number 22V-193.  Due to a software error, a towed trailer equipped with an electric or electric-over hydraulic brake system may not brake.","Loss of trailer brake functionality can extend the distance required to stop, increasing the risk of a crash.","Dealers will update the integrated trailer brake control module software, free of charge.  Owner notification letters were mailed April 11, 2025.  Owners may contact Ford customer service at 1-866-436-7332.  Ford's number for this recall is 25S18.","Owners may also contact the National Highway Traffic Safety Administration Vehicle Safety Hotline at 888-327-4236 (TTY 888-275-9171) or go to nhtsa.gov.","2021","FORD","F-150",NA,2021
"Ford Motor Company","25V169000",FALSE,FALSE,FALSE,"14/03/2025","POWER TRAIN:AUTOMATIC TRANSMISSION:CONTROL MODULE (TCM/PCM/TECM)","Ford Motor Company (Ford) is recalling certain 2021 F-150 vehicles previously repaired incorrectly under recall number 22V-188.  The Diagnostic Trouble Code (DTC) for low transmission fluid pressure may falsely activate and cause the transmission to unexpectedly shift into neutral.","An unexpected shift into neutral will cause a loss of drive power and increase the risk of a crash.","Dealers will update the Powertrain Control Module (PCM) software, free of charge.  Owner notification letters were mailed April 22, 2025.  Owners may contact Ford customer service at 1-866-436-7332.  Ford's number for this recall is 25S24.","Owners may also contact the National Highway Traffic Safety Administration Vehicle Safety Hotline at 888-327-4236 (TTY 888-275-9171) or go to nhtsa.gov.","2021","FORD","F-150",NA,2021
"Ford Motor Company","25V315000",FALSE,FALSE,FALSE,"09/05/2025","BACK OVER PREVENTION:SOFTWARE","Ford Motor Company (Ford) is recalling certain 2021-2024 Bronco, F-150, 2021-2024 Edge, 2022-2025 Escape, F-250, F-350, F-450, F-550, F-600, 2022-2024 Expedition, 2022-2025 Transit, 2021-2023 Mach-E, 2024 Ranger, Mustang, 2021-2023 Lincoln Nautilus, 2022-2024 Navigator, and 2023-2024 Corsair vehicles. A software error may cause the rearview camera image to delay, freeze, or not display when the vehicle is in reverse.","A frozen or missing rearview camera image can reduce the driver's view behind the vehicle, increasing the risk of a crash.","The accessory protocol interface module (APIM) software will be updated by a dealer or through an over-the-air update, free of charge. This will be a phased campaign, with the remedy becoming available in different phases based on model and model years. Interim letters notifying owners of the safety risk were mailed on June 26, 2025. Additional letters will be mailed once the final remedy is available on each phase. Owner notification letters were sent on October 8, 2025. Owners may contact Ford customer service at 1-866-436-7332. Ford's number for this recall is 25S49.","Owners may also contact the National Highway Traffic Safety Administration Vehicle Safety Hotline at 888-327-4236 (TTY 888-275-9171) or go to nhtsa.gov.","2021","FORD","F-150",NA,2021
"Ford Motor Company","25V348000",FALSE,FALSE,FALSE,"23/05/2025","EXTERIOR LIGHTING:BACK UP LIGHTS","Ford Motor Company (Ford) is recalling certain 2021 F-150 vehicles equipped with the Onboard Scales feature that were repaired incorrectly under recall 24V443. An over-the-air software update to the body control module (BCM) may have disabled both reverse lights.","Inoperative reverse lights may fail to alert others that the vehicle is reversing, increasing the risk of a crash.","Dealers will update the body control module software, free of charge. Owner notification letters were mailed on June 27, 2025. Owners may contact Ford customer service at 1-866-436-7332. Ford's number for this recall is 25S57.",NA,"2021","FORD","F-150",NA,2021
"Ford Motor Company","25V455000",FALSE,FALSE,FALSE,"07/07/2025","FUEL SYSTEM, GASOLINE:DELIVERY:FUEL PUMP","Ford Motor Company (Ford) is recalling certain 2021-2023 Bronco, Explorer, Lincoln Aviator, F-250 SD, F-350 SD, F-450 SD,  F-550 SD, 2021-2022 Lincoln Navigator, Mustang, F-150, and 2022 Expedition vehicles. The low-pressure fuel pump may fail, which can result in an engine stall while driving.","An engine stall increases the risk of a crash.","Dealers will replace the low pressure fuel pump on super duty vehicles and update the powertrain control module (PCM) software on all other affected vehicles, free of charge. Interim notification letters notifying owners of the safety risk were mailed July 16, 2025. Second letters will be sent once the remedy is available, anticipated 2nd Quarter 2026. Owners may contact Ford customer service at 1-866-436-7332. Ford's number for this recall is 25S75.",NA,"2021","FORD","F-150",NA,2021
"Ford Motor Company","25V729000",FALSE,FALSE,FALSE,"24/10/2025","VISIBILITY:SUN/MOON ROOF ASSEMBLY","Ford Motor Company (Ford) is recalling certain 2021-2022 Expedition, Lincoln Navigator, 2021-2023 F-150, 2022 F-250 SD, F-350 SD, and F-450 SD vehicles. The moonroof wind deflector clips may be inadequately attached to the moonroof frame, which can result in the wind deflector detaching from the vehicle.","A detached wind deflector can become a road hazard and increase the risk of a crash.","Dealers will inspect and repair the moonroof wind deflector as necessary, free of charge. Owner notification letters were mailed November 10, 2025. Owners may contact Ford customer service at 1-866-436-7332. Ford's number for this recall is 25SB7. Vehicle Identification Numbers (VINs) involved in this recall will be searchable on NHTSA.gov beginning October 30, 2025.",NA,"2021","FORD","F-150",NA,2021
"Ford Motor Company","26V104000",FALSE,FALSE,FALSE,"20/02/2026","ELECTRICAL SYSTEM: INTEGRATED TRAILER BRAKE CONTROL","Ford Motor Company (Ford) is recalling certain 2021-2026 F-150, 2022-2026 F-250 SD, F-350 SD, F-450 SD, F-550 SD, Maverick, 2024-2026 Ranger, 2023-2026 F-600 SD, 2022-2027 Lincoln Navigator, Expedition, and 2026 E-Transit vehicles. When towing a trailer, the integrated trailer module (ITRM) may lose communication with the vehicle, possibly causing a loss of brake and turn signal lights, or a loss of brake function. As such, these vehicles fail to comply with the requirements of Federal Motor Vehicle Safety Standard number 108, "" Lamps, Reflective Devices, and Associated Equipment.""","Trailer lights or brakes that do not function can reduce the driver’s ability to control the trailer and decrease the trailers visibility to other road users, increasing the risk of a crash.","The integrated trailer module software will be updated by a dealer, or through an over-the-air (OTA) update, free of charge. Owner notification letters were mailed March 25, 2026. Owners may contact Ford customer service at 1-866-436-7332. Ford's number for this recall is 26C10. Vehicle Identification Numbers (VINs) involved in this recall will be searchable on NHTSA.gov beginning March 17, 2026.",NA,"2021","FORD","F-150",NA,2021
"Ford Motor Company","26V402000",FALSE,FALSE,FALSE,"24/06/2026","POWER TRAIN:AUTOMATIC TRANSMISSION","Ford Motor Company (Ford) is recalling certain 2018-2021 Navigator, Expedition, 2020-2021 Explorer, Lincoln Aviator, and 2021 F-150 vehicles. The transmission park pawl may engage while the vehicle is in motion, resulting in park system damage.","Park system damage may result in a vehicle rollaway, increasing the risk of a crash.","Dealers will update the powertrain control module software, and inspect and replace any damaged transmission components as necessary, free of charge. Interim letters, notifying owners of the safety risk, were mailed July 10, 2026. Additional letters will be sent once the remedy is available, anticipated in April 2027. Owners may contact Ford customer service at 1-866-436-7332. Ford's number for this recall is 26S48. Vehicle Identification Numbers (VINs) involved in this recall became searchable on NHTSA.gov on June 26, 2026.",NA,"2021","FORD","F-150",NA,2021
"Ford Motor Company","22V253000",FALSE,FALSE,FALSE,"14/04/2022","STEERING:COLUMN","Ford Motor Company (Ford) is recalling certain 2022 F-150 vehicles.  The power-adjustable telescoping steering column connector wiring may be too short.  Wiring that is too short can become damaged or separate if the adjustable steering column is extended all the way.","Damaged or separated wiring may result in the steering column not moving as intended in certain crash conditions, increasing the risk of injury in a crash.","Dealers will inspect the steering column wiring harness and repair the wiring, as necessary, free of charge.  Interim owner notification letters informing owners of the safety risk, were mailed on May 9, 2022.  Owner notification letters were mailed July 28, 2022.  Remedy parts are expected to be available by the end of July, 2022.  Owners may contact Ford customer service at 1-866-436-7332.  Ford's number for this recall is 22S24.","Owners may also contact the National Highway Traffic Safety Administration Vehicle Safety Hotline at 1-888-327-4236 (TTY 1-800-424-9153), or go to www.nhtsa.gov.","2022","FORD","F-150",NA,2022
"Ford Motor Company","22V675000",FALSE,FALSE,FALSE,"08/09/2022","WHEELS:LUGS/NUTS/BOLTS/STUDS","Ford Motor Company (Ford) is recalling certain 2022 F-150 Raptor Series vehicles equipped with 37-inch tires.  The lug nuts on the wheels may have been incorrectly tightened.","Incorrectly tightened wheel lug nuts can loosen and result in wheel separation from the vehicle, increasing the risk of a crash.","Dealers will tighten or replace the wheel lug nuts, as necessary, free of charge.  Owner notification letters were mailed September 26, 2022.  Owners may contact Ford customer service at 1-866-436-7332.  Ford's number for this recall is 22S59.","Owners may also contact the National Highway Traffic Safety Administration Vehicle Safety Hotline at 1-888-327-4236 (TTY 1-800-424-9153), or go to www.nhtsa.gov.","2022","FORD","F-150",NA,2022
"Ford Motor Company","22V686000",FALSE,FALSE,FALSE,"14/09/2022","EXTERIOR LIGHTING:LIGHTING CONTROL MODULE","Ford Motor Company (Ford) is recalling certain 2022-2023 Bronco Sport and 2022 F-150 vehicles.  The parking lights may flicker when the headlights are activated.  As such, these vehicles fail to comply with the requirements of Federal Motor Vehicle Safety Standard number 108, ""Lamps, Reflective Devices, and Associated Equipment.""","Flickering parking lights can reduce visibility, increasing the risk of a crash.","Dealers will replace the LED Driver module, free of charge.  Owner notification letters were mailed March 29, 2023.  Owners may contact Ford customer service at 1-866-436-7332.  Ford's number for this recall is 22C22.","Owners may also contact the National Highway Traffic Safety Administration Vehicle Safety Hotline at 1-888-327-4236 (TTY 1-800-424-9153), or go to www.nhtsa.gov.","2022","FORD","F-150",NA,2022
"Ford Motor Company","22V684000",FALSE,FALSE,FALSE,"14/09/2022","AIR BAGS","Ford Motor Company (Ford) is recalling certain 2022 F-150 vehicles.  The right-side instrument panel cover may have been manufactured incorrectly, which can cause the air bag to not deploy as intended.  As such, these vehicles fail to comply with the requirements of Federal Motor Vehicle Safety Standard number 208, ""Occupant Crash Protection.""","During air bag deployment, the air bag cover my break and project fragments into the vehicle, or the air bag may deploy improperly, increasing the risk of occupant injury.","Dealers will replace the right-side instrument panel cover, free of charge.  Owner notification letters were mailed October 26, 2022.  Owners may contact Ford customer service at 1-866-436-7332.  Ford's number for this recall is 22C23.","Owners may also contact the National Highway Traffic Safety Administration Vehicle Safety Hotline at 1-888-327-4236 (TTY 1-800-424-9153), or go to www.nhtsa.gov.","2022","FORD","F-150",NA,2022
"Ford Motor Company","23V070000",FALSE,FALSE,FALSE,"10/02/2023","POWER TRAIN:AUTOMATIC TRANSMISSION","Ford Motor Company (Ford) is recalling certain 2022-2023 F-150, Mustang, Explorer, Bronco, and 2023 Lincoln Aviator vehicles equipped with automatic transmissions.  The transmission may contain a loose bolt which could prevent the transmission from engaging the park gear, although the gear shifter position may indicate that the vehicle has been shifted to ""PARK.""","The inability to secure the vehicle in the park position can result in a rollaway, increasing the risk of a crash or injury.","Dealers will inspect and, if necessary, replace the transmissions, free of charge.  Owner notification letters were mailed April 25, 2023.  Owners may contact Ford customer service at 1-866-436-7332.  Ford's number for this recall is 23S06.","Owners may also contact the National Highway Traffic Safety Administration Vehicle Safety Hotline at 1-888-327-4236 (TTY 1-800-424-9153), or go to www.nhtsa.gov.","2022","FORD","F-150",NA,2022
"Ford Motor Company","23V802000",FALSE,FALSE,FALSE,"28/11/2023","EXTERIOR LIGHTING:LIGHTING CONTROL MODULE","Ford Motor Company (Ford) is recalling certain 2022 F-150 vehicles.  The parking lights may flicker when the headlights are activated.  As such, these vehicles fail to comply with the requirements of Federal Motor Vehicle Safety Standard number 108, ""Lamps, Reflective Devices, and Associated Equipment.""","Flickering parking lights can reduce visibility, increasing the risk of a crash.","Dealers will update the LED driver module software, free of charge.  Owner notification letters were mailed January 19, 2024.  Owners may contact Ford customer service at 1-866-436-7332.  Ford's number for this recall is 23C36.  Vehicles with high series headlamps previously recalled under recall number 22V-686 that received an incomplete remedy, or have not yet been repaired, will need to have the new remedy completed.","Owners may also contact the National Highway Traffic Safety Administration Vehicle Safety Hotline at 1-888-327-4236 (TTY 1-800-424-9153), or go to www.nhtsa.gov.","2022","FORD","F-150",NA,2022
"Ford Motor Company","24V682000",FALSE,FALSE,FALSE,"13/09/2024","EXTERIOR LIGHTING:LIGHTING CONTROL MODULE","Ford Motor Company (Ford) is recalling certain 2022 F-150 vehicles.  The parking lights may flicker when the headlights are activated.  As such, these vehicles fail to comply with the requirements of Federal Motor Vehicle Safety Standard number 108, ""Lamps, Reflective Devices, and Associated Equipment.""","Flickering parking lights can reduce visibility, increasing the risk of a crash.","Dealers will replace the LED Driver module, free of charge.  Owner notification letters were mailed on March 10, 2025.  Owners may contact Ford customer service at 1-866-436-7332.  Ford's number for this recall is 24C30.  These vehicles were previously recalled for this same issue under 22V-686 and will need to have the new remedy performed.","Owners may also contact the National Highway Traffic Safety Administration Vehicle Safety Hotline at 1-888-327-4236 (TTY 1-800-424-9153), or go to www.nhtsa.gov.","2022","FORD","F-150",NA,2022
"Ford Motor Company","25V515000",FALSE,FALSE,FALSE,"08/08/2025","EXTERIOR LIGHTING:LIGHTING CONTROL MODULE","Ford Motor Company (Ford) is recalling certain 2022 F-150 vehicles that were repaired incorrectly under recalls 22V686 and 23V802. The parking lights may flicker when the headlights are activated. As such, these vehicles fail to comply with the requirements of Federal Motor Vehicle Safety Standard number 108, ""Lamps, Reflective Devices, and Associated Equipment.""","Flickering parking lights can reduce visibility, increasing the risk of a crash.","Dealers will replace the light emitting diode control module and update the software, free of charge. Owner notification letters were mailed August 20, 2025. Owners may contact Ford customer service at 1-866-436-7332. Ford's number for this recall is 25C38.",NA,"2022","FORD","F-150",NA,2022
"Ford Motor Company","25V517000",FALSE,FALSE,FALSE,"08/08/2025","EXTERIOR LIGHTING:LIGHTING CONTROL MODULE","Ford Motor Company (Ford) is recalling certain 2022 F-150 vehicles that were repaired incorrectly under recall 22V686. The parking lights may flicker when the headlights are activated.  As such, these vehicles fail to comply with the requirements of Federal Motor Vehicle Safety Standard number 108, ""Lamps, Reflective Devices, and Associated Equipment.""","Flickering parking lights can reduce visibility, increasing the risk of a crash.","Dealers will replace the light emitting diode control module and update the software, free of charge. Owner notification letters were mailed September 12, 2025. Owners may contact Ford customer service at 1-866-436-7332. Ford's number for this recall is 25C37.",NA,"2022","FORD","F-150",NA,2022
"Ford Motor Company","23V072000",FALSE,FALSE,FALSE,"10/02/2023","AIR BAGS:FRONTAL","Ford Motor Company (Ford) is recalling certain 2023 F-150 vehicles.  The instrument panel top cover on the passenger-side may prevent the air bag from deploying as intended.  As such, these vehicles fail to comply with the requirements of Federal Motor Vehicle Safety Standard number 208, ""Occupant Crash Protection.""","An air bag that does not deploy as intended increases the risk of injury in a crash.","Dealers will replace the passenger instrument panel top cover, free of charge.  Owner notification letters were mailed March 16, 2023.  Owners may contact Ford customer service at 1-866-436-7332.  Ford's number for this recall is 23C01.","Owners may also contact the National Highway Traffic Safety Administration Vehicle Safety Hotline at 1-888-327-4236 (TTY 1-800-424-9153), or go to www.nhtsa.gov.","2023","FORD","F-150",NA,2023
"Ford Motor Company","23V128000",FALSE,FALSE,FALSE,"24/02/2023","POWER TRAIN:AXLE ASSEMBLY","Ford Motor Company (Ford) is recalling certain 2023 F-150, Expedition, and Lincoln Navigator vehicles.  The front axle pinion may not have been heat-treated, which can cause it to fracture.","A fractured pinion can result in a loss of 4-wheel drive and may cause the front wheels to lock up, increasng the risk of a crash.","Dealers will replace the front axle pinion gear set.  If there is a broken front axle pinion, the entire axle assembly will be replaced.  Repairs will be performed free of charge.  Owner notification letters were mailed April 21, 2023.  Owners may contact Ford customer service at 1-866-436-7332.  Ford's number for this recall is 23S07.","Owners may also contact the National Highway Traffic Safety Administration Vehicle Safety Hotline at 1-888-327-4236 (TTY 1-800-424-9153), or go to www.nhtsa.gov.","2023","FORD","F-150",NA,2023
"Ford Motor Company","23V847000",FALSE,FALSE,FALSE,"15/12/2023","STEERING:COLUMN","Ford Motor Company (Ford) is recalling certain 2023 F-150 and Ford SD F250, F350, F450, F550, and F600 vehicles.  The steering wheel clock spring may have an insufficient weld, causing a loss of electrical connection to the driver's frontal air bag.","A deactivated air bag will not deploy during a crash, increasing the risk of injury.","Dealers will inspect and replace the clock spring as necessary, free of charge.  Owner notification letters were mailed on May 3, 2024.  Owners may contact Ford customer service at 1-866-436-7332.","Owners may also contact the National Highway Traffic Safety Administration Vehicle Safety Hotline at 1-888-327-4236 (TTY 1-800-424-9153), or go to www.nhtsa.gov.","2023","FORD","F-150",NA,2023
"Ford Motor Company","25V512000",FALSE,FALSE,FALSE,"08/08/2025","POWER TRAIN:AXLE HUBS","Ford Motor Company (Ford) is recalling certain 2023-2025 F-150 vehicles equipped with the Trailer Tow Max Duty package and a 9.75-inch heavy duty axle with a 3/4 float axle design. The rear axle hub bolt may fatigue and break, which can result in damage to the axle hub splines.","Damaged axle hub splines can result in a vehicle rollaway when in park without the parking brake applied or cause a loss of drive power. Either of these conditions can increase the risk of a crash.","Dealers will replace the left and right rear axle shaft assemblies, free of charge. This is a phased recall.  Ford owners will receive letters in multiple phases, beginning August 2025 through Winter 2025. Phase 1 will include 2023 F-150 model year vehicles. Phase 2 will include 2025 F-150 model year vehicles and Phase 3 will include 2024  F-150 model year vehicles. Interim owner notification letters informing owners of the safety risk were mailed August 22, 2025. Owner notification letters were mailed August 22, 2025. Owners may contact Ford customer service at 1-866-436-7332. Ford's number for this recall is 25S82. This recall expands previous NHTSA recall number 23V896.",NA,"2023","FORD","F-150",NA,2023
"Ford Motor Company","24V329000",FALSE,FALSE,FALSE,"10/05/2024","STEERING:COLUMN","Ford Motor Company (Ford) is recalling certain 2024 F-150 vehicles.  The steering column lower shaft may have been secured to the steering gear assembly with an incorrect fastener, which can result in the separation of steering components and cause a loss of steering control.","A loss of steering control increases the risk of a crash.","Dealers will replace the lower steering shaft fastener, free of charge.  Owner notification letters were mailed May 22, 2024.  Owners may contact Ford customer service at 1-866-436-7332.  Ford's number for this recall is 24S32.","Owners may also contact the National Highway Traffic Safety Administration Vehicle Safety Hotline at 1-888-327-4236 (TTY 1-800-424-9153), or go to www.nhtsa.gov.","2024","FORD","F-150",NA,2024
"Ford Motor Company","24V486000",FALSE,FALSE,FALSE,"28/06/2024","VISIBILITY:WINDSHIELD","Ford Motor Company (Ford) is recalling certain 2024 F-150 vehicles.  The windshield may not have been properly bonded to the vehicle, allowing it to detach during a crash.  As such, these vehicles fail to comply with the requirements of Federal Motor Vehicle Safety Standard number 212, ""Windshield Mounting.""","A windshield that detaches from a vehicle during a crash can increase the risk of injury.","Dealers will remove and reinstall the windshield, free of charge.  Owner notification letters were mailed July 10, 2024.  Owners may contact Ford customer service at 1-866-436-7332.  Ford's number for this recall is 24C20.","Owners may also contact the National Highway Traffic Safety Administration Vehicle Safety Hotline at 1-888-327-4236 (TTY 1-800-424-9153), or go to www.nhtsa.gov.","2024","FORD","F-150",NA,2024
"Ford Motor Company","24V851000",FALSE,FALSE,FALSE,"20/12/2024","ENGINE AND ENGINE COOLING:ENGINE:OIL/LUBRICATION","Ford Motor Company (Ford) is recalling certain 2024-2025 F-150, 2024 Expedition and 2024 Lincoln Navigator vehicles equipped with a 3.5L GTDI engine.  The engines may have a misaligned engine cup plug, which can result in a rapid oil leak.","A rapid oil leak can result in an engine stall, increasing the risk of a crash.  In addition, an oil leak in the presence of an ignition source such as hot engine or exhaust components, can increase the risk of a fire.","Dealers will inspect the engine cup plug alignment, and replace the plug if necessary, free of charge.  Owner notification letters were mailed on May 23, 2024.  Owners may contact Ford customer service at 1-866-436-7332.  Ford's number for this recall is 24S70.","Owners may also contact the National Highway Traffic Safety Administration Vehicle Safety Hotline at 1-888-327-4236 (TTY 1-800-424-9153) or go to nhtsa.gov.","2024","FORD","F-150",NA,2024
"Ford Motor Company","25V022000",FALSE,FALSE,FALSE,"17/01/2025","STEERING","Ford Motor Company (Ford) is recalling certain 2024 F-150 vehicles.  The steering gear assembly may have been assembled with an incorrect rack, which can cause the gears to fracture.","A fractured steering gear can cause the steering to bind or lock, resulting in a loss of steering control and increasing the risk of a crash.","Dealers will replace the steering gear assembly, free of charge.  Owner notification letters were mailed February 19, 2025.  Owners may contact Ford customer service at 1-866-436-7332.  Ford's number for this recall is 25S04.","Owners may also contact the National Highway Traffic Safety Administration Vehicle Safety Hotline at 1-888-327-4236 (TTY 1-800-424-9153) or go to nhtsa.gov.","2024","FORD","F-150",NA,2024
"Ford Motor Company","25V164000",FALSE,FALSE,FALSE,"14/03/2025","POWER TRAIN:AUTOMATIC TRANSMISSION:FLUID/LUBRICANT:VALVES/VALVE BODY","Ford Motor Company (Ford) is recalling certain 2024-2025 F-150, Bronco, 2024 Ranger, 2025 Mustang, Explorer, and Aviator vehicles.  The transmission valve body may have been machined incorrectly, which can cause reverse gear failure, or unexpected forward movement in reverse or neutral gear.","Unexpected vehicle movement increases the risk of a crash.","Dealers will replace the transmission main control valve body, free of charge.  Owner notification letters were mailed April 11, 2025.  Owners may contact Ford customer service at 1-866-436-7332.  Ford's number for this recall is 25S19.","Owners may also contact the National Highway Traffic Safety Administration Vehicle Safety Hotline at 888-327-4236 (TTY 888-275-9171) or go to nhtsa.gov.","2024","FORD","F-150",NA,2024
"Ford Motor Company","25V198000",FALSE,FALSE,FALSE,"28/03/2025","ENGINE AND ENGINE COOLING:ENGINE:OIL/LUBRICATION","Ford Motor Company (Ford) is recalling certain 2024-2025 F-150, Expedition, and 2024 Lincoln Navigator vehicles equipped with 3.5L GTDI engines.  The engine may have a misaligned engine cup plug, which can result in a rapid oil leak.","A rapid oil leak can result in an engine stall, increasing the risk of a crash.  In addition, an oil leak in the presence of an ignition source such as hot engine or exhaust components, can increase the risk of a fire.","Dealers will inspect the engine cup plug alignment, and replace the plug if necessary, free of charge.  Owner notification letters were mailed May 22, 2025.  Owners may contact Ford customer service at 1-866-436-7332.  Ford's number for this recall is 25S30.","Owners may also contact the National Highway Traffic Safety Administration Vehicle Safety Hotline at 888-327-4236 (TTY 888-275-9171) or go to nhtsa.gov.","2024","FORD","F-150",NA,2024
"Ford Motor Company","25V271000",FALSE,FALSE,FALSE,"23/04/2025","EQUIPMENT:OTHER:LABELS","Ford Motor Company (Ford) is recalling certain 2025 F-150 vehicles.  The air bag warning label may be missing from the dashboard.  As such, these vehicles fail to comply with the requirements of Federal Motor Vehicle Safety Standard number 208, ""Occupant Crash Protection.""","A missing air bag warning label will not warn occupants about the risks of air bag deployment, increasing the risk of injury in a crash.","Ford will mail owners the warning labels, free of charge.  Owner notification letters were mailed May 7, 2025.  Owners may contact Ford customer service at 1-866-436-7332.  Ford's number for this recall is 25C12.","Owners may also contact the National Highway Traffic Safety Administration Vehicle Safety Hotline at 888-327-4236 (TTY 888-275-9171) or go to nhtsa.gov.","2025","FORD","F-150",NA,2025
"Ford Motor Company","25V309000",FALSE,FALSE,FALSE,"09/05/2025","STEERING","Ford Motor Company (Ford) is recalling certain 2025 F-150 vehicles.  The lower intermediate shaft fasteners may be improperly attached to the steering gear, allowing the shaft to come loose or detach.","A lower intermediate shaft that detaches can result in a loss of steering control, increasing the risk of a crash.","Dealers will inspect and replace the lower intermediate shaft fasteners as necessary, free of charge.  Owner notification letters were mailed May 30, 2025.  Owners may contact Ford customer service at 1-866-436-7332.  Ford's number for this recall is 25S46.","Owners may also contact the National Highway Traffic Safety Administration Vehicle Safety Hotline at 888-327-4236 (TTY 888-275-9171) or go to nhtsa.gov.","2025","FORD","F-150",NA,2025
"Ford Motor Company","25V344000",FALSE,FALSE,FALSE,"13/06/2025","ENGINE AND ENGINE COOLING:ENGINE:HARD PARTS INTERNAL/MECHANICAL","Ford Motor Company (Ford) is recalling certain 2025 Transit, F-150, and Explorer vehicles. The connecting rod and rod bearing components may have manufacturing defects that can lead to engine damage and engine failure.","A damaged engine can result in engine failure and a stall, increasing the risk of a crash.","Dealers will inspect the connecting rods and replace the engine long block assembly as necessary, free of charge. Owner notification letters were mailed August 15, 2025. Owners may contact Ford customer service at 1-866-436-7332. Ford's number for this recall is 25S55.",NA,"2025","FORD","F-150",NA,2025
"Ford Motor Company","25V398000",FALSE,FALSE,FALSE,"13/06/2025","ELECTRICAL SYSTEM:WIRING","Ford Motor Company (Ford) is recalling certain 2025 F-150 trucks. Contact with the engine coolant hose may chafe the engine wire harness or cause a pull out of the Powertrain Control Module (PCM) connector pins, causing the engine to stall.","An engine stall increases the risk of a crash.","Dealers will inspect, replace the engine wire harness as necessary, and relocate the engine coolant hose, free of charge. Owner notification letters were mailed September 12, 2025. The parts are anticipated to be available the third quarter of 2025. Owners may contact Ford customer service at 1-866-436-7332. Ford's number for this recall is 25S63.",NA,"2025","FORD","F-150",NA,2025
"Ford Motor Company","25V488000",FALSE,FALSE,FALSE,"25/07/2025","SERVICE BRAKES, HYDRAULIC:POWER ASSIST:ELECTRIC:CONTROL MODULE:SOFTWARE","Ford Motor Company (Ford) is recalling certain 2025 Lincoln Navigator, F-150, Expedition, Bronco, and Ranger vehicles. The Electronic Brake Booster (EBB) module may malfunction while driving or when the driver is utilizing an Advanced Driver Assistance System (ADAS) feature, resulting in a loss of power brake assist.","An unexpected loss of power brake assist while driving can extend stopping distance and increase the risk of a crash. Additionally, a loss of power brake assist while ADAS features are engaged can result in the vehicle not braking as expected, increasing the risk of a crash.","The EBB module software will be updated over-the-air (OTA) or by a dealer, free of charge. Owner notification letters were mailed on August 22, 2025. Owners may contact Ford customer service at 1-866-436-7332. Ford's number for this recall is 25S77.",NA,"2025","FORD","F-150",NA,2025
"Ford Motor Company","25V540000",FALSE,FALSE,FALSE,"22/08/2025","ELECTRICAL SYSTEM: INSTRUMENT CLUSTER/PANEL","Ford Motor Company (Ford) is recalling certain 2025-2026 F-550 SD, F-450 SD, F-350 SD, F-250 SD, and 2025 F-150 vehicles. The Instrument Panel Cluster (IPC) may fail at startup.","An instrument panel display that does not show critical information, such as warning lights or vehicle speed, increases the risk of a crash.","The instrument panel cluster software will be updated by a dealer or through an over-the-air (OTA) update, free of charge. Owner notification letters were mailed September 5, 2025. Owners may contact Ford customer service at 1-866-436-7332. Ford's number for this recall is 25S88.",NA,"2025","FORD","F-150",NA,2025
"Ford Motor Company","25V823000",FALSE,FALSE,FALSE,"01/12/2025","SERVICE BRAKES, HYDRAULIC:POWER ASSIST:ELECTRIC:CONTROL MODULE","Ford Motor Company (Ford) is recalling certain 2025 Lincoln Navigator, F-150, Expedition, Bronco, and Ranger vehicles. The Electronic Brake Booster (EBB) module may malfunction while driving or when the driver is utilizing an Advanced Driver Assistance System (ADAS) feature, resulting in a loss of power brake assist.","An unexpected loss of power brake assist while driving can extend stopping distance and increase the risk of a crash. Additionally, a loss of power brake assist while ADAS features are engaged can result in the vehicle not braking as expected, increasing the risk of a crash.","Dealers will replace the electronic brake booster, free of charge. Owner notification letters were mailed February 26, 2026. Owners may contact Ford customer service at 1-866-436-7332. Ford's number for this recall is 25SD4. Vehicle Identification Numbers (VINs) involved in this recall became searchable on NHTSA.gov on December 3, 2025.",NA,"2025","FORD","F-150",NA,2025
